[
  {
    "icon": "fa fa-home",
    "slug": "external",
    "title": "Volver al inicio",
    "path": "index.html"
  },  
  { 
    "id": 1,
    "icon": "fa fa-file-text",
    "slug": "La_formacion_etica_desde_la_Familia",
    "title": "1. La formación ética desde la familia",
    "breadcrumb": ["Inicio","Introducción"],
    "path": "pages/1-tema.html",    
    "submenu": [
      {
        "icon": "fa fa-file-text",
        "slug": "La_formacion_etica_desde_la_Familia",
        "title": "1.1 La familia",
        "anchor": "11"
      },   
      {
        "icon": "fa fa-file-text",
        "slug": "La_formacion_etica_desde_la_Familia",
        "title": "1.2 Reconocer al otro, normas sociales",
        "anchor": "12"
      },
      {
        "icon": "fa fa-file-text",
        "slug": "La_formacion_etica_desde_la_Familia",
        "title": "1.3. La influencia de la ética en la toma de decisiones",
        "anchor": "13"
      }     
    ]   
  },  
  { 
    "id": 1,
    "icon": "fa fa-file-text",
    "slug": "Como_me_convierto_en_un_ser_social",
    "title": "2. ¿Cómo me convierto en un ser social?",
    "breadcrumb": ["Inicio","Introducción"],
    "path": "pages/2-tema.html",    
    "submenu": [
      {
        "icon": "fa fa-file-text",
        "slug": "Como_me_convierto_en_un_ser_social",
        "title": "2.1. Ambientes sociales: concepto",
        "anchor": "21"
      },   
      {
        "icon": "fa fa-file-text",
        "slug": "Como_me_convierto_en_un_ser_social",
        "title": "2.2 El trabajo como elemento social en su FPI (Formación Profesional Integral)",
        "anchor": "22"
      }   
    ]   
  }
]